City_ID,City,Lat,Lng,Max Temp,Humidity,Cloudiness,Wind Speed,Country,Date
0,mar del plata,-38.0023,-57.5575,18.26,52,0,2.68,AR,1680846091
1,junagarh,19.8667,82.9333,37.78,22,4,2.29,IN,1680846232
2,lumding,25.7535,93.1732,33.96,26,5,1.02,IN,1680846473
3,emet,39.343,29.2585,4.69,91,99,1.35,TR,1680846473
4,bengkulu,-3.8004,102.2655,28.83,65,47,3.15,ID,1680846110
5,pisek,49.3088,14.1475,1.73,79,96,0.71,CZ,1680846473
6,ushuaia,-54.8,-68.3,6.81,53,0,7.2,AR,1680846091
7,bredasdorp,-34.5322,20.0403,17.79,74,35,5.0,ZA,1680846093
8,east london,-33.0153,27.9116,20.52,77,0,2.06,ZA,1680846131
9,vardo,70.3705,31.1107,0.99,64,12,8.75,NO,1680846194
10,lavrentiya,65.5833,-171.0,-25.3,98,48,1.59,RU,1680846113
11,vaini,-21.2,-175.2,27.09,100,40,3.6,TO,1680846091
12,qaanaaq,77.484,-69.3632,-28.0,62,0,3.05,GL,1680846104
13,yar-sale,66.8333,70.8333,-10.09,85,100,7.15,RU,1680846171
14,anadyr,64.75,177.4833,-16.72,78,75,3.0,RU,1680846197
15,tulsipur,28.131,82.2973,30.39,15,0,3.33,NP,1680846474
16,tianpeng,30.9866,103.9393,18.26,34,37,3.0,CN,1680846475
17,mataura,-46.1927,168.8643,9.26,76,22,0.89,NZ,1680846098
18,stonewall,50.1344,-97.3268,-6.18,98,45,2.36,CA,1680846475
19,barrow,71.2906,-156.7887,-25.99,76,0,0.0,US,1680846105
20,carnarvon,-24.8667,113.6333,24.2,56,26,9.41,AU,1680846128
21,luderitz,-26.6481,15.1594,16.11,90,45,4.28,NA,1680846160
22,avarua,-21.2078,-159.775,26.03,83,75,2.57,CK,1680846113
23,esil,51.9556,66.4042,2.16,78,100,9.4,KZ,1680846476
24,rikitea,-23.1203,-134.9692,24.87,65,89,5.48,PF,1680846099
25,port alfred,-33.5906,26.891,23.31,57,48,6.4,ZA,1680846093
26,leningradskiy,69.3833,178.4167,-24.06,97,12,1.22,RU,1680846476
27,kapaa,22.0752,-159.319,24.18,81,40,7.72,US,1680845848
28,iqaluit,63.7506,-68.5145,-23.15,70,20,7.72,CA,1680846108
29,port hardy,50.6996,-127.4199,8.0,100,100,4.12,CA,1680846105
30,palauig,15.435,119.9045,28.9,70,93,5.66,PH,1680846477
31,makakilo city,21.3469,-158.0858,24.18,67,20,6.69,US,1680846477
32,busselton,-33.65,115.3333,22.3,45,90,5.92,AU,1680846097
33,lebu,-37.6167,-73.65,10.72,86,97,7.9,CL,1680846124
34,esperance,-33.8667,121.9,18.67,56,38,5.37,AU,1680846139
35,magole,-6.3667,37.3667,22.58,94,96,1.38,TZ,1680846478
36,port-gentil,-0.7193,8.7815,24.98,94,40,1.03,GA,1680846478
37,igarka,67.4667,86.5833,-22.5,84,96,6.15,RU,1680846101
38,balkanabat,39.5108,54.3671,20.69,36,2,6.4,TM,1680846478
39,truckee,39.328,-120.1833,8.18,63,40,4.12,US,1680846391
40,hanna,51.6334,-111.9018,-6.75,87,28,4.02,CA,1680846479
41,longyearbyen,78.2186,15.6401,-4.09,93,100,8.23,SJ,1680846091
42,bilibino,68.0546,166.4372,-11.83,89,9,1.22,RU,1680846163
43,clyde river,70.4692,-68.5914,-23.87,77,40,5.14,CA,1680846121
44,hithadhoo,-0.6,73.0833,27.7,68,36,0.72,MV,1680846155
45,kodiak,57.79,-152.4072,1.73,64,75,3.6,US,1680846146
46,sydney,-33.8679,151.2073,24.75,72,20,7.72,AU,1680846479
47,coihaique,-45.5752,-72.0662,5.97,75,0,1.54,CL,1680846178
48,casper,42.8666,-106.3131,-2.67,68,0,9.77,US,1680846479
49,teutonia,-29.4481,-51.8064,18.51,92,100,0.63,BR,1680846341
50,nemuro,43.3236,145.575,5.39,99,100,10.05,JP,1680846480
51,kisangani,0.5167,25.2,24.96,68,100,1.66,CD,1680846480
52,upernavik,72.7868,-56.1549,-30.65,98,39,3.72,GL,1680846095
53,shimoda,34.6667,138.95,21.2,89,100,9.67,JP,1680846481
54,vilyuysk,63.7553,121.6247,-3.29,90,100,8.27,RU,1680846146
55,nanortalik,60.1432,-45.2371,-1.39,90,97,2.72,GL,1680846112
56,salalah,17.0151,54.0924,29.05,65,75,3.09,OM,1680846148
57,mantua,45.1667,10.7833,6.31,82,62,0.45,IT,1680846481
58,cayenne,4.9333,-52.3333,24.02,83,20,1.03,GF,1680846178
59,port elizabeth,-33.918,25.5701,21.17,90,20,12.52,ZA,1680846109
60,atuona,-9.8,-139.0333,27.52,72,1,9.31,PF,1680846092
61,chokurdakh,70.6333,147.9167,-17.74,92,99,1.33,RU,1680846119
62,westport,41.1415,-73.3579,14.99,58,100,5.14,US,1680846197
63,dingle,10.9995,122.6711,30.42,58,91,4.31,PH,1680846155
64,ornskoldsvik,63.2909,18.7153,0.53,100,100,1.54,SE,1680846482
65,merauke,-8.4667,140.3333,28.05,77,100,4.87,ID,1680846482
66,ossora,59.2353,163.0719,-4.36,75,7,1.15,RU,1680846483
67,thompson,55.7435,-97.8558,-5.91,49,20,0.0,CA,1680846111
68,margate,51.3813,1.3862,7.15,86,28,1.34,GB,1680846220
69,asau,46.4333,26.4,-0.4,84,100,0.4,RO,1680846149
70,punta arenas,-53.15,-70.9167,4.06,65,0,4.12,CL,1680845996
71,hermanus,-34.4187,19.2345,15.45,86,27,5.52,ZA,1680846107
72,fort nelson,58.8053,-122.7002,8.77,43,75,1.54,CA,1680846329
73,bonavista,48.6499,-53.1147,-1.09,82,99,7.59,CA,1680846483
74,montlucon,46.3333,2.6,5.95,95,98,1.57,FR,1680846484
75,mongoumba,3.6415,18.5936,23.95,84,69,1.92,CF,1680846484
76,hilo,19.7297,-155.09,22.93,96,100,2.24,US,1680846114
77,pevek,69.7008,170.3133,-21.34,85,1,0.42,RU,1680846151
78,svetlogorsk,52.6333,29.7333,9.65,91,100,2.18,BY,1680846152
79,victoria,22.2855,114.1577,26.25,71,96,0.45,HK,1680845954
80,sikeston,36.8767,-89.5879,8.84,76,0,0.0,US,1680846485
81,hobart,-42.8794,147.3294,16.92,89,75,1.54,AU,1680846019
82,sinnamary,5.3833,-52.95,24.29,84,54,5.15,GF,1680846127
83,tanga,-5.0667,39.1,27.32,77,91,3.46,TZ,1680846485
84,albany,42.6001,-73.9662,8.58,51,88,0.45,US,1680845947
85,puerto ayora,-0.7393,-90.3518,26.42,94,100,1.79,EC,1680846104
86,bambous virieux,-20.3428,57.7575,28.45,89,40,1.54,MU,1680846141
87,constitucion,-35.3333,-72.4167,13.84,59,54,3.67,CL,1680846179
88,fonte boa,-2.4959,-66.2662,22.41,99,97,1.63,BR,1680846486
89,winnemucca,40.973,-117.7357,7.03,49,0,4.12,US,1680846482
90,norman wells,65.282,-126.8329,-8.98,73,75,2.57,CA,1680846096
91,sitka,57.0531,-135.33,4.94,87,100,2.06,US,1680846104
92,havoysund,70.9963,24.6622,3.13,72,14,7.55,NO,1680846486
93,boguchany,58.3814,97.4531,-2.03,54,100,5.18,RU,1680846487
94,jalu,29.0331,21.5482,16.78,54,76,5.91,LY,1680846487
95,portland,45.5234,-122.6762,11.86,95,100,6.17,US,1680845853
96,mehamn,71.0357,27.8492,2.97,60,12,5.14,NO,1680846093
97,kudahuvadhoo,2.6708,72.8944,28.23,67,35,1.23,MV,1680846117
98,cape town,-33.9258,18.4232,17.29,82,40,3.09,ZA,1680846051
99,chuy,-33.6971,-53.4616,17.21,63,85,1.42,UY,1680846096
100,bluff,-46.6,168.3333,11.68,67,50,3.85,NZ,1680846101
101,grindavik,63.8424,-22.4338,4.26,87,100,15.95,IS,1680846488
102,ixtapa,20.7,-105.2,22.57,78,0,1.54,MX,1680846488
103,flinders,-34.5833,150.8552,22.43,78,77,4.01,AU,1680846118
104,bodden town,19.2833,-81.25,26.07,80,0,7.76,KY,1680846488
105,beatrice,40.2681,-96.747,6.77,39,0,3.6,US,1680846488
106,oranjestad,12.524,-70.027,26.06,84,20,6.69,AW,1680846488
107,cairns,-16.9167,145.7667,31.73,71,63,3.6,AU,1680846195
108,zhicheng,30.2956,111.5047,20.84,34,35,2.56,CN,1680846151
109,bermeo,43.4209,-2.7215,5.69,69,3,2.7,ES,1680846489
110,atar,20.5169,-13.0499,21.63,30,100,2.58,MR,1680846489
111,hamilton,39.1834,-84.5333,6.24,80,0,3.09,US,1680846169
112,talnakh,69.4865,88.3972,-26.23,91,100,2.72,RU,1680846104
113,deputatskiy,69.3,139.9,-15.76,79,100,1.09,RU,1680846489
114,krasnaya poyma,55.0014,39.08,5.3,63,9,4.67,RU,1680846490
115,kamenka,51.3223,42.7678,9.8,64,95,5.8,RU,1680846490
116,jamestown,42.097,-79.2353,6.77,65,0,4.47,US,1680845893
117,manaure,11.7751,-72.4445,25.59,76,88,5.9,CO,1680846490
118,guerrero negro,27.9769,-114.0611,14.41,71,2,5.66,MX,1680846118
119,sao felix do xingu,-6.6447,-51.995,21.14,99,89,0.89,BR,1680846170
120,roswell,34.0232,-84.3616,20.69,88,0,0.0,US,1680846351
121,nouadhibou,20.931,-17.0347,17.99,82,62,6.69,MR,1680846490
122,pullman,46.7313,-117.1796,10.13,47,100,3.6,US,1680846491
123,novorudnyy,51.5026,58.1873,1.17,88,100,9.57,RU,1680846491
124,karratha,-20.7377,116.8463,33.54,39,2,6.15,AU,1680846491
125,kapit,2.0167,112.9333,23.46,96,100,1.08,MY,1680846491
126,dikson,73.5069,80.5464,-26.07,93,93,2.56,RU,1680846140
127,bubaque,11.2833,-15.8333,25.11,68,100,4.05,GW,1680846169
128,pitimbu,-7.4706,-34.8086,25.33,76,14,2.26,BR,1680846491
129,alta floresta,-9.8756,-56.0861,20.94,99,100,1.06,BR,1680846492
130,palmer,42.1584,-72.3287,11.75,40,100,6.69,US,1680846357
131,jingdezhen,29.2947,117.2079,19.68,43,0,3.18,CN,1680846492
132,galesong,-5.3166,119.3661,28.01,71,91,5.35,ID,1680846492
133,sept-iles,50.2001,-66.3821,0.24,98,100,2.06,CA,1680846132
134,torbay,47.6666,-52.7314,-0.24,83,100,7.2,CA,1680846100
135,naze,28.3667,129.4833,16.51,84,100,5.5,JP,1680846139
136,kavieng,-2.5744,150.7967,28.61,71,97,3.21,PG,1680846099
137,sol-iletsk,51.1631,54.9918,9.03,74,34,6.99,RU,1680846493
138,swan river,52.1058,-101.2676,-9.06,67,18,3.09,CA,1680846328
139,saldanha,-33.0117,17.9442,18.03,90,39,1.39,ZA,1680846110
140,allapalli,19.4167,80.0667,39.99,19,20,0.65,IN,1680846494
141,batala,31.8186,75.2028,27.88,23,0,3.55,IN,1680846494
142,khatanga,71.9667,102.5,-27.21,92,100,3.95,RU,1680846111
143,pacific grove,36.6177,-121.9166,11.12,85,0,1.54,US,1680846186
144,pipri,19.8,75.5333,34.54,21,40,5.5,IN,1680846494
145,yellowknife,62.456,-114.3525,2.29,64,20,5.14,CA,1680846103
146,pisco,-13.7,-76.2167,24.03,88,0,3.09,PE,1680846176
147,husavik,66.0449,-17.3389,-2.77,77,82,4.63,IS,1680846165
148,ust-maya,60.4167,134.5333,-8.32,71,100,1.88,RU,1680846495
149,chemal,51.4111,86.005,16.62,21,2,5.57,RU,1680846495
150,lagoa,39.05,-27.9833,12.28,65,99,9.42,PT,1680846111
151,cidreira,-30.1811,-50.2056,20.14,75,100,4.76,BR,1680846495
152,aksarka,66.5606,67.7975,-8.73,86,100,8.28,RU,1680846154
153,new norfolk,-42.7826,147.0587,16.72,78,100,0.17,AU,1680846096
154,vestmanna,62.1564,-7.1664,1.51,93,20,0.51,FO,1680846495
155,sur,22.5667,59.5289,27.82,48,0,2.52,OM,1680846185
156,bathsheba,13.2167,-59.5167,26.34,78,40,6.17,BB,1680846124
157,wajima,37.4,136.9,13.38,100,75,3.09,JP,1680846198
158,klimovo,52.3805,32.1923,10.06,87,100,4.15,RU,1680846496
159,lexington,37.9887,-84.4777,7.3,76,100,0.89,US,1680846204
160,santa isabel,-23.3156,-46.2214,19.61,99,94,0.88,BR,1680846409
161,sabang,5.8933,95.3214,28.22,73,97,2.62,ID,1680846496
162,buraydah,26.326,43.975,18.25,46,74,5.23,SA,1680846497
163,coquimbo,-29.9533,-71.3436,14.85,100,20,2.06,CL,1680846439
164,castro,-24.7911,-50.0119,15.41,98,100,4.12,BR,1680846103
165,lethem,3.3803,-59.7968,25.33,59,100,5.77,GY,1680846497
166,nikolskoye,59.7035,30.7861,3.22,88,72,2.63,RU,1680846134
167,sokolo,14.7328,-6.1219,27.22,16,86,3.55,ML,1680846497
168,plettenberg bay,-34.0527,23.3716,19.13,82,15,5.61,ZA,1680846497
169,faanui,-16.4833,-151.75,28.6,74,100,7.33,PF,1680846106
170,port moresby,-9.4431,147.1797,30.68,74,75,8.75,PG,1680846475
171,challans,46.8436,-1.8749,5.51,91,79,2.93,FR,1680846196
172,ntcheu,-14.8203,34.6359,18.78,86,48,1.26,MW,1680846498
173,vila velha,-20.3297,-40.2925,23.3,94,75,1.03,BR,1680846180
174,saskylakh,71.9167,114.0833,-16.33,92,100,6.33,RU,1680846117
175,diego de almagro,-26.3667,-70.05,17.62,40,0,0.89,CL,1680846438
176,plaster rock,46.9065,-67.39,3.31,90,100,5.17,CA,1680846499
177,kahului,20.8947,-156.47,23.8,80,0,7.72,US,1680846166
178,opuwo,-18.0607,13.84,21.76,44,27,1.01,NA,1680846203
179,bethel,41.3712,-73.414,15.2,35,75,3.09,US,1680846100
180,ancud,-41.8697,-73.8203,9.31,79,97,1.3,CL,1680846110
181,kathmandu,27.7167,85.3167,24.12,30,20,2.06,NP,1680845813
182,jinchang,38.4953,102.1739,9.84,18,25,4.9,CN,1680846500
183,ouargaye,11.5033,0.0572,29.37,45,92,2.28,BF,1680846500
184,general roca,-39.0333,-67.5833,18.53,67,24,2.17,AR,1680846501
185,saint-augustin,51.226,-58.6502,-1.28,94,100,7.02,CA,1680846131
186,tromso,69.6496,18.957,3.54,75,0,1.54,NO,1680846501
187,santiago del estero,-27.7951,-64.2615,22.37,76,96,0.42,AR,1680846501
188,asyut,27.181,31.1837,17.1,13,0,0.92,EG,1680846501
189,mahebourg,-20.4081,57.7,28.47,89,40,1.54,MU,1680846101
190,oriximina,-1.7656,-55.8661,22.49,95,68,0.43,BR,1680846164
191,basco,20.4487,121.9702,26.18,65,18,1.62,PH,1680846502
192,fetesti,44.3833,27.8333,6.97,69,18,3.88,RO,1680846502
193,muros,42.7762,-9.0603,12.05,61,83,3.11,ES,1680846502
194,broome,42.2506,-75.833,7.21,56,0,5.14,US,1680846094
195,carndonagh,55.25,-7.2667,1.79,91,34,2.25,IE,1680846503
196,matay,28.419,30.7792,24.83,15,0,3.43,EG,1680846503
197,mukhen,48.1,136.1,3.8,89,100,2.13,RU,1680846503
198,krasnoselkup,65.7,82.4667,-18.45,84,92,6.91,RU,1680846503
199,marsa matruh,31.3525,27.2453,18.11,82,40,6.69,EG,1680846503
200,comodoro rivadavia,-45.8667,-67.5,14.92,36,0,11.32,AR,1680845964
201,fez,34.0372,-4.9998,10.14,57,0,1.54,MA,1680846304
202,okhotsk,59.3833,143.3,-8.58,67,35,3.58,RU,1680846145
203,cherskiy,68.75,161.3,-14.87,93,86,2.82,RU,1680846122
204,san patricio,28.017,-97.5169,18.92,97,100,3.62,US,1680846126
205,sobolevo,54.4299,31.8996,6.57,81,100,5.51,RU,1680846105
206,noyabrsk,63.1994,75.4507,-13.86,72,56,7.47,RU,1680846504
207,katherine,-14.4667,132.2667,35.18,34,40,5.14,AU,1680846505
208,vila franca do campo,37.7167,-25.4333,16.23,89,95,7.95,PT,1680846120
209,paamiut,61.994,-49.6678,-2.24,96,99,1.26,GL,1680846147
210,acapulco,16.8634,-99.8901,25.9,78,20,1.54,MX,1680846183
211,mamallapuram,12.6264,80.1722,33.03,56,11,4.73,IN,1680846505
212,ahipara,-35.1667,173.1667,18.27,76,100,4.38,NZ,1680846505
213,batsfjord,70.6345,29.7185,2.96,59,13,10.8,NO,1680846505
214,lixourion,38.2019,20.4314,11.69,64,43,7.23,GR,1680846506
215,de aar,-30.6497,24.0123,20.07,37,5,2.21,ZA,1680846506
216,beringovskiy,63.05,179.3167,-12.29,91,100,5.1,RU,1680846137
217,kirakira,-10.4544,161.9205,28.79,74,71,0.8,SB,1680846506
218,amahai,-3.3333,128.9167,29.0,70,60,3.0,ID,1680846506
219,potenza,40.6443,15.8086,3.14,64,2,0.94,IT,1680846506
220,cocal,-28.6167,-49.35,16.76,99,100,0.89,BR,1680846506
221,saint-philippe,-21.3585,55.7679,28.77,82,77,3.93,RE,1680846101
222,medicine hat,50.0501,-110.6683,2.34,61,0,1.54,CA,1680846426
223,cockburn town,21.4612,-71.1419,24.88,72,4,8.43,TC,1680846507
224,kathu,7.9178,98.3332,32.9,68,95,2.86,TH,1680846507
225,lorengau,-2.0226,147.2712,26.05,86,100,5.63,PG,1680846176
226,hasaki,35.7333,140.8333,21.23,76,95,13.86,JP,1680846142
227,kichera,55.9375,110.0997,-3.76,79,100,3.97,RU,1680846507
228,glendive,47.1053,-104.7125,-0.21,93,0,3.6,US,1680846507
229,acajutla,13.5928,-89.8275,27.27,71,14,1.11,SV,1680846317
230,palana,59.1167,159.9667,-7.19,81,99,4.7,RU,1680846117
231,bukachacha,52.9833,116.9167,0.45,35,60,3.67,RU,1680846508
232,houma,29.5958,-90.7195,24.44,92,100,3.6,US,1680846507
233,fagersta,60.0042,15.7932,-2.79,80,16,1.15,SE,1680846508
234,havelock,34.8791,-76.9013,21.64,89,20,0.0,US,1680846508
235,mount gambier,-37.8333,140.7667,18.37,68,89,3.9,AU,1680846113
236,srivardhan,18.0333,73.0167,31.15,52,54,3.9,IN,1680846509
237,whitehorse,60.7161,-135.0538,3.43,65,75,7.72,CA,1680846343
238,avera,33.194,-82.5271,22.03,89,99,3.54,US,1680846129
239,dunedin,-45.8742,170.5036,10.67,73,6,3.93,NZ,1680845903
240,butaritari,3.0707,172.7902,27.92,81,77,7.6,KI,1680846103
241,fortuna,40.5982,-124.1573,11.19,91,100,4.02,US,1680846096
242,rio verde de mato grosso,-18.9181,-54.8442,21.58,91,98,1.17,BR,1680846509
243,kurtamysh,54.9103,64.4319,-1.9,35,51,8.87,RU,1680846510
244,wad rawah,15.1603,33.1397,29.04,12,26,5.87,SD,1680846510
245,aripuana,-9.1667,-60.6333,20.78,100,100,0.37,BR,1680846510
246,tuktoyaktuk,69.4541,-133.0374,-17.0,85,75,4.63,CA,1680846119
247,jurm,36.8648,70.8342,14.95,29,75,1.1,AF,1680846510
248,ponta do sol,32.6667,-17.1,16.51,77,5,1.17,PT,1680846147
249,mananjary,-21.2167,48.3333,24.13,87,100,1.64,MG,1680846511
250,sao joao da barra,-21.6403,-41.0511,22.45,90,68,1.92,BR,1680846136
251,mashpee,41.6484,-70.4811,13.16,75,75,2.06,US,1680846511
252,uglegorsk,49.0833,142.0333,2.21,84,100,0.83,RU,1680846511
253,porto nacional,-10.7081,-48.4172,24.0,95,45,0.64,BR,1680846511
254,severodvinsk,64.5635,39.8302,-1.94,80,56,2.72,RU,1680846511
255,haines junction,60.7522,-137.5108,1.97,64,97,3.09,CA,1680846173
256,leshukonskoye,64.8989,45.7622,-5.47,86,83,3.21,RU,1680846512
257,bela,25.9333,81.9833,34.9,9,3,3.71,IN,1680846512
258,grand gaube,-20.0064,57.6608,28.54,71,76,1.34,MU,1680846512
259,la ronge,55.1001,-105.2842,-2.86,39,0,3.6,CA,1680846142
260,harper,4.375,-7.7169,26.23,83,22,1.76,LR,1680846144
261,magadan,59.5667,150.8,-3.59,87,87,1.7,RU,1680846443
262,nashville,36.1659,-86.7844,8.26,74,75,4.63,US,1680846382
263,cordeiropolis,-22.4819,-47.4567,17.82,98,93,0.71,BR,1680846235
264,tuatapere,-46.1333,167.6833,9.81,75,10,1.56,NZ,1680846176
265,ulcinj,41.9294,19.2244,6.12,57,8,3.04,ME,1680846513
266,galeana,24.8333,-100.0667,11.56,92,99,0.43,MX,1680846513
267,hambantota,6.1241,81.1185,32.19,70,20,1.54,LK,1680846154
268,mandalgovi,45.7625,106.2708,7.0,13,0,7.46,MN,1680846175
269,gorom-gorom,14.4439,-0.2361,27.22,14,67,3.16,BF,1680846513
270,maragogi,-9.0122,-35.2225,24.83,79,37,1.18,BR,1680846129
271,chapais,49.7834,-74.8492,-4.12,89,84,5.11,CA,1680846153
272,petropavlovsk-kamchatskiy,53.0452,158.6483,4.33,48,0,3.0,RU,1680846514
273,dalbandin,28.8947,64.4101,27.14,16,0,4.27,PK,1680846260
274,mwinilunga,-11.7358,24.4293,16.91,93,100,1.8,ZM,1680846514
275,souillac,-20.5167,57.5167,27.21,89,40,1.54,MU,1680846128
276,beinamar,8.6698,15.3813,30.19,37,55,2.2,TD,1680846514
277,buchanan,5.8808,-10.0467,25.71,88,67,0.84,LR,1680846514
278,gravdal,68.1214,13.5031,3.64,85,90,2.87,NO,1680846514
279,chongwe,-15.3292,28.682,16.32,78,59,1.7,ZM,1680846514
280,kavaratti,10.5669,72.642,28.16,71,6,1.8,IN,1680846169
281,la asuncion,11.0333,-63.8628,24.85,88,64,7.72,VE,1680846515
282,kaitangata,-46.2817,169.8464,9.86,69,25,2.79,NZ,1680846107
283,seydi,39.4816,62.9137,22.55,29,100,4.34,TM,1680846515
284,oranjemund,-28.55,16.4333,17.63,85,99,2.4,NA,1680846199
285,mweka,-4.85,21.5667,22.08,85,97,1.41,CD,1680846515
286,myitkyina,25.3833,97.4,37.92,17,2,0.45,MM,1680846515
287,sao filipe,14.8961,-24.4956,22.15,79,97,4.38,CV,1680846115
288,kormilovka,55.0026,74.1028,-3.36,63,100,9.06,RU,1680846516
289,quatre cocos,-20.2078,57.7625,28.38,67,71,3.3,MU,1680846106
290,marawi,7.9986,124.2928,26.38,60,82,3.25,PH,1680846182
291,meadow lake,34.8014,-106.5436,11.27,31,42,4.18,US,1680846516
292,egvekinot,66.3167,-179.1667,-23.81,84,0,3.74,RU,1680846516
293,yerbogachen,61.2767,108.0108,-1.34,79,97,6.4,RU,1680846146
294,kloulklubed,7.0419,134.2556,26.28,70,98,3.49,PW,1680846517
295,saint-gaudens,43.0833,0.6667,3.34,76,36,1.96,FR,1680846517
296,mangit,40.5971,70.9607,19.09,32,100,1.2,UZ,1680846517
297,karpathos,35.507,27.2132,13.98,77,40,2.57,GR,1680846182
298,lagos,6.5833,3.75,27.18,89,100,1.74,NG,1680846432
299,richards bay,-28.783,32.0377,21.64,72,18,1.55,ZA,1680846145
300,taoudenni,22.6783,-3.9836,20.99,29,0,2.36,ML,1680846142
301,lanzhou,36.0564,103.7922,11.17,22,92,2.53,CN,1680846518
302,arraial do cabo,-22.9661,-42.0278,23.85,80,91,1.48,BR,1680846098
303,ibb,13.9667,44.1833,20.35,53,88,1.92,YE,1680846518
304,grand-lahou,5.1367,-5.0242,26.15,89,83,3.09,CI,1680846518
305,tsagan aman,47.5639,46.7218,17.13,37,40,6.45,RU,1680846518
306,isilkul,54.9109,71.2728,-2.96,54,82,9.2,RU,1680846518
307,jiuquan,39.7432,98.5174,12.01,12,71,4.24,CN,1680846518
308,verkhoyansk,67.5447,133.385,-12.0,64,100,4.57,RU,1680846136
309,anito,12.4497,125.2886,28.82,65,97,4.04,PH,1680846519
310,iranshahr,27.2025,60.6848,27.19,18,0,2.06,IR,1680846519
311,progreso,21.2833,-89.6667,27.06,72,0,6.09,MX,1680846519
312,fallon,39.4735,-118.7774,11.62,37,75,4.12,US,1680846519
313,calvinia,-31.4707,19.776,13.23,79,1,2.53,ZA,1680846519
314,codo,-4.4553,-43.8856,22.17,100,100,0.84,BR,1680846519
315,kuching,1.55,110.3333,31.14,70,20,2.06,MY,1680846519
316,walvis bay,-22.9575,14.5053,16.23,92,51,2.03,NA,1680846520
317,marsh harbour,26.5412,-77.0636,23.52,71,4,6.28,BS,1680846520
318,batemans bay,-35.7167,150.1833,21.17,59,76,4.43,AU,1680846124
319,muskegon,43.3,-86.1334,3.92,61,0,4.12,US,1680846469
320,furth im wald,49.3097,12.84,4.43,83,2,0.64,DE,1680846520
321,ayan,56.45,138.1667,-4.05,65,100,2.13,RU,1680846520
322,sattenapalle,16.4,80.1833,36.47,31,5,4.03,IN,1680846520
323,betioky,-23.7167,44.3833,25.72,70,0,2.83,MG,1680846521
324,trincomalee,8.5711,81.2335,29.08,65,17,4.48,LK,1680846521
325,chara,56.9064,118.2631,-5.36,62,87,1.85,RU,1680846112
326,santa marinella,42.0345,11.8536,9.28,51,57,1.47,IT,1680846521
327,pangnirtung,66.1451,-65.7125,-21.0,84,20,0.0,CA,1680846134
328,alofi,-19.0595,-169.9187,26.94,89,100,2.57,NU,1680846179
329,upata,8.0086,-62.3989,22.33,79,99,3.66,VE,1680846521
330,neuquen,-38.9516,-68.0591,11.94,87,0,1.03,AR,1680846522
331,phan thiet,10.9333,108.1,31.84,54,84,5.76,VN,1680846522
332,pokhara,28.2333,83.9833,28.67,21,1,3.65,NP,1680846169
333,aswan,24.0934,32.907,19.61,20,0,3.09,EG,1680846200
334,bull savanna,17.8868,-77.5902,22.05,74,0,4.76,JM,1680846522
335,mont-dore,-22.2833,166.5833,27.99,71,28,3.27,NC,1680846522
336,saint george,37.1041,-113.5841,12.33,33,0,0.89,US,1680846105
337,georgetown,5.4112,100.3354,31.96,70,40,4.12,MY,1680845952
338,nizhyn,51.048,31.8869,5.83,84,100,2.08,UA,1680846523
339,sungaipenuh,-2.0833,101.3833,26.98,54,87,2.37,ID,1680846523
340,santa cruz,-17.8,-63.1667,20.7,88,20,2.57,BO,1680846303
341,klaksvik,62.2266,-6.589,2.51,77,48,2.22,FO,1680846152
342,shubarshi,48.5872,57.1869,17.28,30,14,4.05,KZ,1680846523
343,turukhansk,65.8167,87.9833,-21.67,83,97,6.82,RU,1680846097
344,mareeba,-17.0,145.4333,29.16,69,56,2.47,AU,1680846523
345,turan,16.0678,108.2208,27.99,83,75,4.12,VN,1680846524
346,ketchikan,55.3422,-131.6461,2.77,98,100,2.31,US,1680846524
347,kuandian,40.7286,124.7847,6.35,20,0,6.94,CN,1680846524
348,kungurtug,50.5994,97.5228,4.96,48,7,0.32,RU,1680846142
349,price,39.5994,-110.8107,0.62,46,0,2.57,US,1680846524
350,shenjiamen,29.9576,122.298,13.28,79,85,6.1,CN,1680846524
351,sumbe,-11.2061,13.8437,26.73,85,99,1.76,AO,1680846524
352,huarmey,-10.0681,-78.1522,25.17,84,72,2.9,PE,1680846164
353,tasiilaq,65.6145,-37.6368,-4.91,93,95,2.24,GL,1680846101
354,zakamensk,50.3741,103.2863,10.21,18,13,5.31,RU,1680846525
355,southampton,50.904,-1.4043,5.45,92,1,0.45,GB,1680846326
356,cabo san lucas,22.8909,-109.9124,20.28,50,0,4.01,MX,1680846133
357,san carlos de bariloche,-41.1456,-71.3082,7.86,76,0,3.6,AR,1680846525
358,tshikapa,-6.4167,20.8,22.92,89,100,1.71,CD,1680846525
359,derzhavinsk,51.1,66.3167,4.85,89,100,7.85,KZ,1680846525
360,sidi ali,36.0998,0.4206,10.71,57,92,3.16,DZ,1680846132
361,phalaborwa,-23.943,31.1411,17.6,59,0,2.39,ZA,1680846526
362,kruisfontein,-34.0033,24.7314,19.94,78,66,9.03,ZA,1680846093
363,sabha,27.0377,14.4283,14.71,57,53,7.24,LY,1680846526
364,honiara,-9.4333,159.95,27.88,83,82,0.39,SB,1680846526
365,necochea,-38.5473,-58.7368,14.69,88,77,5.17,AR,1680846174
366,lima duarte,-21.8425,-43.7931,18.23,99,95,0.61,BR,1680846527
367,kutum,14.2,24.6667,23.11,9,13,3.87,SD,1680846527
368,sakakah,29.9697,40.2064,16.76,25,5,1.45,SA,1680846527
369,wanning,18.8003,110.3967,28.07,74,96,3.07,CN,1680846527
370,oudtshoorn,-33.5907,22.2014,16.2,73,5,2.14,ZA,1680846527
371,teya,60.3778,92.6267,-13.54,72,26,4.84,RU,1680846527
372,kapuskasing,49.4169,-82.4331,-7.95,79,100,6.69,CA,1680846362
373,dawlatabad,36.4141,64.9053,25.72,22,94,1.22,AF,1680846528
374,severo-kurilsk,50.6789,156.125,-0.2,96,100,10.02,RU,1680846112
375,sangar,63.9242,127.4739,-10.23,85,100,8.93,RU,1680846116
376,verkh-usugli,52.7,115.1667,3.3,28,56,3.8,RU,1680846528
377,pemangkat,1.1667,108.9667,29.67,60,100,2.34,ID,1680846194
378,ciudad bolivar,8.1222,-63.5497,24.99,68,71,5.88,VE,1680846528
379,narsaq,60.9167,-46.05,0.12,73,49,3.48,GL,1680846130
380,korla,41.7597,86.1469,14.06,11,92,7.3,CN,1680846117
381,ugoofaaru,5.6667,73.0,28.17,73,56,2.46,MV,1680846529
382,luancheng,37.8792,114.6517,17.09,20,78,1.61,CN,1680846529
383,myaundzha,63.0494,147.1858,-13.65,70,38,1.31,RU,1680846529
384,hovd,48.0056,91.6419,10.56,8,0,0.9,MN,1680846173
385,itarema,-2.9248,-39.9167,23.27,91,74,2.59,BR,1680846529
386,tual,-5.6667,132.75,28.29,73,93,7.56,ID,1680846530
387,matamoros,25.5333,-103.25,16.02,62,30,6.65,MX,1680846530
388,hofn,64.2539,-15.2082,4.5,67,75,1.29,IS,1680846134
389,tautira,-17.7333,-149.15,28.24,78,97,7.06,PF,1680846136
390,susehri,40.1644,38.0867,7.73,75,99,2.39,TR,1680846530
391,logansport,40.7545,-86.3567,4.4,79,0,0.0,US,1680846530
392,cape coast,5.1053,-1.2466,26.8,84,100,3.82,GH,1680846530
393,fort-shevchenko,44.5086,50.263,13.72,52,99,4.09,KZ,1680846531
394,sibolga,1.7427,98.7792,29.95,65,84,2.95,ID,1680846531
395,brownsville,25.9018,-97.4975,15.05,96,100,4.12,US,1680846290
396,codrington,-38.2667,141.9667,16.12,86,100,6.95,AU,1680846127
397,kanye,-24.9667,25.3327,18.22,49,0,2.63,BW,1680846531
398,kerema,-7.9631,145.7785,28.45,79,100,4.11,PG,1680846531
399,tiksi,71.6872,128.8694,-15.63,91,84,3.28,RU,1680846133
400,dasoguz,41.8363,59.9666,17.97,48,0,4.12,TM,1680846532
401,port macquarie,-31.4333,152.9167,24.02,69,80,6.58,AU,1680846532
402,la serena,-29.9078,-71.2542,14.73,100,20,2.06,CL,1680846326
403,provideniya,64.3833,-173.3,-16.94,60,20,3.13,RU,1680846110
404,joutseno,61.118,28.5076,1.55,72,99,4.11,FI,1680846532
405,zomba,-15.386,35.3188,16.94,89,57,0.61,MW,1680846532
406,tessalit,20.1986,1.0114,21.3,24,34,4.31,ML,1680846532
407,rybinsk,58.0446,38.8426,2.3,68,24,3.61,RU,1680846189
408,ilulissat,69.2167,-51.1,-13.99,56,100,1.03,GL,1680846108
409,tura,25.5198,90.2201,31.48,21,0,2.56,IN,1680846533
410,mikkeli,61.6886,27.2723,1.75,64,0,3.09,FI,1680846533
411,beyneu,45.3167,55.2,17.79,32,2,2.75,KZ,1680846175
412,praia da vitoria,38.7333,-27.0667,11.14,93,75,8.46,PT,1680846192
413,christchurch,-43.5333,172.6333,13.28,71,20,6.69,NZ,1680846287
414,wewak,-3.5534,143.6268,28.41,77,74,4.56,PG,1680846533
415,amilly,47.9728,2.7719,5.03,96,6,2.51,FR,1680846533
416,seoul,37.5683,126.9778,15.66,31,0,6.17,KR,1680846105
417,san jeronimo,-11.9472,-75.2829,7.27,94,99,1.34,PE,1680846534
418,kingston,17.997,-76.7936,25.67,69,20,2.57,JM,1680846242
419,pimentel,-6.8367,-79.9342,26.16,89,40,1.54,PE,1680846193
420,podgornoye,51.735,39.1496,9.12,71,0,4.0,RU,1680846534
421,mahibadhoo,3.7833,72.9667,27.82,73,56,1.68,MV,1680846534
422,el dorado,38.7666,-120.5177,9.79,62,100,1.81,US,1680846534
423,oktyabrskoye,43.0645,44.7417,9.08,81,75,3.0,RU,1680846535
424,tornio,65.8481,24.1466,1.01,98,100,5.05,FI,1680846535
425,meulaboh,4.1363,96.1285,29.57,64,64,2.25,ID,1680846200
426,atasu,48.6814,71.6433,12.01,54,36,6.47,KZ,1680846535
427,odweyne,9.4092,45.064,24.87,60,92,5.21,SO,1680846535
428,kharp,66.8014,65.8081,-8.23,88,100,5.16,RU,1680846535
429,port shepstone,-30.7414,30.455,20.42,71,0,4.34,ZA,1680846536
430,komsomolskiy,40.4272,71.7189,17.4,51,99,6.17,UZ,1680846536
431,bafq,31.6128,55.4107,24.9,13,4,1.9,IR,1680846536
432,atambua,-9.1061,124.8925,24.55,83,97,0.98,ID,1680846536
433,kurya,51.6003,82.2888,11.93,37,66,10.18,RU,1680846536
434,kununurra,-15.7667,128.7333,34.99,46,63,2.57,AU,1680846536
435,howick,-29.4779,30.2306,17.09,56,0,1.61,ZA,1680846537
436,green river,41.5286,-109.4662,-2.78,86,10,1.6,US,1680846310
437,batagay-alyta,67.8006,130.4114,-17.08,73,91,3.26,RU,1680846537
438,vangaindrano,-23.35,47.6,24.9,83,77,0.68,MG,1680846537
439,yumen,40.2833,97.2,11.93,10,50,3.13,CN,1680846181
440,awbari,26.5921,12.7805,14.83,57,69,4.23,LY,1680846537
441,beisfjord,68.3751,17.5988,2.73,64,100,2.84,NO,1680846537
442,victor harbor,-35.5667,138.6167,19.21,65,21,7.94,AU,1680846538
443,kralendijk,12.15,-68.2667,25.99,78,40,5.66,BQ,1680846538
444,zaranj,30.9667,61.8833,23.98,8,0,3.5,AF,1680846538
445,heishan,41.6892,122.1128,11.47,11,1,7.41,CN,1680846538
446,fairbanks,64.8378,-147.7164,-10.22,69,100,3.6,US,1680846149
447,pochinki,54.6988,44.8668,3.57,64,18,5.67,RU,1680846538
448,thinadhoo,0.5333,72.9333,27.88,65,24,0.06,MV,1680846164
449,suleya,55.1352,58.8792,0.03,49,85,5.79,RU,1680846539
450,alcantara,-2.4089,-44.4147,26.11,94,100,1.01,BR,1680846539
451,prince george,53.9166,-122.753,8.69,49,100,7.72,CA,1680846539
452,san andres,12.5847,-81.7006,27.01,74,20,5.14,CO,1680846329
453,santa rosa,14.3122,121.1114,33.94,59,87,1.93,PH,1680846428
454,zhoucheng,35.9122,116.3117,16.16,25,12,4.13,CN,1680846539
455,takoradi,4.8845,-1.7554,26.45,85,100,3.62,GH,1680846141
456,alice springs,-23.7,133.8833,28.75,28,3,3.6,AU,1680846178
457,zhangye,38.9342,100.4517,12.94,10,38,1.75,CN,1680846098
458,krasnoslobodsk,48.7072,44.5714,12.9,54,0,9.0,RU,1680846540
459,san cristobal,7.7669,-72.225,19.1,79,100,0.83,VE,1680845809
460,acari,-15.4311,-74.6158,23.45,83,6,0.66,PE,1680846540
461,ola,59.5833,151.2833,-3.25,85,92,2.4,RU,1680846540
462,bagdarin,54.4333,113.6,3.45,27,100,5.16,RU,1680846541
463,airai,-8.9266,125.4092,17.8,79,100,0.8,TL,1680846095
464,tabou,4.423,-7.3528,25.96,86,14,1.81,CI,1680845896
465,darhan,49.4867,105.9228,10.9,19,4,7.17,MN,1680846541
466,byron bay,-28.65,153.6167,20.95,78,76,6.99,AU,1680846541
467,ambilobe,-13.2,49.05,27.46,73,92,0.99,MG,1680846542
468,mount darwin,-16.7725,31.5838,19.59,79,26,0.87,ZW,1680846542
469,flin flon,54.7682,-101.865,-8.14,97,80,2.15,CA,1680846159
470,hearst,49.6835,-83.6665,-7.86,93,100,5.31,CA,1680846542
471,bereda,43.2686,-7.5406,5.32,100,75,0.48,ES,1680846542
472,blackfoot,43.1905,-112.345,-1.12,79,11,2.36,US,1680846542
473,isiro,2.7739,27.616,24.24,64,100,1.38,CD,1680846360
474,san pedro,14.35,121.0167,34.06,56,40,3.6,PH,1680846543
475,puerto suarez,-18.95,-57.8,20.68,99,78,1.42,BO,1680846543
476,fukue,32.6881,128.8419,15.2,58,0,7.2,JP,1680846543
477,bytow,54.1706,17.4919,2.89,97,100,3.83,PL,1680846543
478,cap malheureux,-19.9842,57.6142,28.59,71,76,1.34,MU,1680846543
479,raudeberg,61.9875,5.1352,3.37,61,10,5.43,NO,1680846174
480,port blair,11.6667,92.75,32.02,51,20,4.12,IN,1680846543
481,olafsvik,64.8945,-23.7142,2.28,84,100,11.42,IS,1680846544
482,hirara,24.8,125.2833,19.92,94,75,10.8,JP,1680846544
483,pamanukan,-6.2842,107.8106,30.9,60,100,3.13,ID,1680846544
484,huangpi,30.8845,114.3779,19.06,37,0,3.0,CN,1680846544
485,puri,19.8,85.85,33.29,65,5,3.77,IN,1680846544
486,tutoia,-2.7619,-42.2744,23.98,91,99,0.98,BR,1680846544
487,launceston,-41.45,147.1667,18.8,81,100,1.54,AU,1680846155
488,kosh-agach,50.0,88.6667,0.81,35,9,1.44,RU,1680846545
489,kovernino,57.1253,43.8142,1.76,54,14,4.35,RU,1680846545
490,yongan,39.6957,113.6871,5.85,21,7,9.86,CN,1680846545
491,bandarbeyla,9.4942,50.8122,28.74,63,95,4.44,SO,1680846190
492,kenai,60.5544,-151.2583,-1.95,63,0,3.09,US,1680846545
493,pringsewu,-5.3582,104.9744,32.26,51,64,2.06,ID,1680846545
494,lokosovo,61.1333,74.8167,-14.96,74,34,4.18,RU,1680846545
495,saint anthony,45.0205,-93.218,-1.97,77,0,2.57,US,1680846185
496,ampanihy,-24.7,44.75,25.76,69,43,2.68,MG,1680846546
497,piranshahr,36.701,45.1413,10.82,43,5,4.33,IR,1680846546
498,ilo,-17.6394,-71.3375,21.84,88,20,1.28,PE,1680846546
499,daru,-9.0763,143.2092,28.39,82,100,4.21,PG,1680846546
500,suining,30.508,105.5733,21.33,35,65,3.14,CN,1680846546
501,lufilufi,-13.8745,-171.5986,29.88,71,41,6.3,WS,1680846547
502,namibe,-15.1961,12.1522,24.75,75,91,1.96,AO,1680846547
503,north platte,41.1239,-100.7654,2.99,48,0,0.89,US,1680846547
504,cozumel,20.5083,-86.9458,25.53,86,0,4.88,MX,1680846545
505,puerto escondido,15.85,-97.0667,26.46,78,0,1.03,MX,1680846275
506,sinjar,36.3209,41.8754,15.66,38,2,1.3,IQ,1680846157
507,cham,49.245,12.6825,3.96,82,3,0.56,DE,1680846547
508,nelson bay,-32.7167,152.15,25.05,70,60,3.13,AU,1680846548
509,isangel,-19.55,169.2667,26.99,67,5,2.78,VU,1680846548
510,solnechnyy,50.7214,136.6319,0.26,91,100,3.5,RU,1680846548
511,lompoc,34.6391,-120.4579,10.89,79,100,1.79,US,1680846122
512,ziyang,29.2497,117.8547,19.82,41,1,2.39,CN,1680846548
513,nizwa,22.9333,57.5333,27.03,21,0,1.91,OM,1680846548
514,arbagar,51.9438,116.2805,1.1,34,43,3.73,RU,1680846549
515,zhezkazgan,47.8043,67.7144,11.99,54,75,6.0,KZ,1680846186
516,hami,42.8,93.45,14.49,11,95,1.89,CN,1680846549
517,krasnoturansk,54.3186,91.5639,10.22,37,10,4.15,RU,1680846549
518,lere,10.387,8.5726,24.03,39,71,2.16,NG,1680846549
519,bacolod,10.6667,122.95,30.25,60,89,6.43,PH,1680846549
520,geraldton,-28.7667,114.6,25.23,50,40,8.75,AU,1680846173
521,springbok,-29.6643,17.8865,11.84,86,14,1.08,ZA,1680846551
522,nueve de julio,-35.4444,-60.8831,13.31,83,32,3.16,AR,1680846551
523,borogontsy,62.6683,131.1683,-8.28,81,98,4.09,RU,1680846551
524,aykhal,66.0,111.5,-3.69,92,100,6.48,RU,1680846551
525,srednekolymsk,67.45,153.6833,-8.88,86,100,3.46,RU,1680846111
526,anqing,30.5092,117.0506,19.9,33,1,4.54,CN,1680846552
527,la rioja,42.25,-2.5,-2.12,51,1,2.66,ES,1680846552
528,mitsamiouli,-11.3847,43.2844,28.16,71,94,1.95,KM,1680846194
529,venustiano carranza,19.43,-99.0992,18.99,59,75,5.14,MX,1680846552
530,sagua la grande,22.8067,-80.0756,22.55,74,27,5.39,CU,1680846552
531,mount isa,-20.7333,139.5,36.87,28,75,3.09,AU,1680846552
532,arman,59.7,150.1667,-3.32,91,99,1.83,RU,1680846553
533,kashan,33.9831,51.4364,22.77,17,0,1.03,IR,1680846553
534,botou,38.0667,116.5667,14.71,15,6,4.73,CN,1680846553
535,banda aceh,5.5577,95.3222,29.35,68,100,3.24,ID,1680846553
536,rayong,12.8333,101.4333,34.23,46,51,5.09,TH,1680846553
537,bairiki,1.3292,172.9752,30.0,74,40,6.69,KI,1680846553
538,san jose de las lajas,22.9614,-82.1511,23.51,86,41,4.32,CU,1680846553
539,port hedland,-20.3167,118.5667,34.03,52,64,6.17,AU,1680846177
540,waipawa,-41.4122,175.5153,10.95,67,92,4.6,NZ,1680846133
541,nioro,13.35,-15.75,23.26,33,95,2.64,GM,1680846554
542,moree,-29.4667,149.85,28.47,39,55,2.19,AU,1680846554
543,muslyumovo,55.3033,53.1947,3.41,62,84,8.32,RU,1680846554
544,amarante do maranhao,-5.5667,-46.7422,21.15,99,100,1.95,BR,1680846555
545,qui nhon,13.7667,109.2333,28.84,69,87,5.64,VN,1680846481
546,morros,-9.4467,-46.3003,21.3,90,80,0.14,BR,1680846555
547,san angelo,31.4638,-100.437,13.12,51,100,3.09,US,1680846555
548,tezu,27.9167,96.1667,30.74,25,19,1.8,IN,1680846482
549,anshun,26.25,105.9333,12.12,71,100,3.03,CN,1680846555
550,miyako,39.6367,141.9525,15.1,90,100,4.99,JP,1680846556
551,ambon,-3.6954,128.1814,32.08,62,40,3.09,ID,1680846145
552,intipuca,13.1969,-88.0544,24.23,73,9,1.09,SV,1680846556
553,central point,42.376,-122.9164,10.23,88,100,1.2,US,1680846318
554,abu dhabi,24.4667,54.3667,24.41,67,0,2.57,AE,1680846423
555,padang,-0.9492,100.3543,30.03,67,97,2.32,ID,1680846154
556,andenes,69.3143,16.1194,2.74,69,40,3.09,NO,1680846557
557,sumenep,-7.0167,113.8667,28.77,71,89,3.41,ID,1680846557
558,pontianak,-0.0333,109.3333,30.99,66,75,3.6,ID,1680846503
559,el mante,22.7333,-98.9667,17.97,79,100,4.36,MX,1680846557
560,floro,61.5996,5.0328,4.42,56,12,5.14,NO,1680846557
561,los llanos de aridane,28.6585,-17.9182,13.86,65,0,3.6,ES,1680846108
562,kalabo,-14.97,22.6814,19.41,77,68,2.62,ZM,1680846557
563,legnica,51.2101,16.1619,3.92,98,100,2.92,PL,1680846352
564,ewa beach,21.3156,-158.0072,24.97,67,20,6.69,US,1680846074
565,aleksandrov gay,50.147,48.5704,12.73,54,17,7.62,RU,1680846132
566,faya,18.3851,42.4509,18.29,45,44,2.96,SA,1680846122
567,heinsberg,51.0667,6.0833,8.52,86,100,2.72,DE,1680846558
568,kupang,-10.1667,123.5833,28.32,89,75,1.03,ID,1680846558
569,madang,-5.2246,145.7966,27.87,82,88,3.37,PG,1680846558
